{"_id":{"$oid":"65017d002658a1bed0a4273c"},"apartment":{"$oid":"65008d95cad3d32844044661"},"month":9,"year":2023,"total_heating":297.6190476190476,"total_elevator":200,"total_general":189.873417721519,"payment_made":false,"__v":0}
{"_id":{"$oid":"65017d022658a1bed0a4273e"},"apartment":{"$oid":"65017a7c2658a1bed0a42515"},"month":9,"year":2023,"total_heating":476.1904761904762,"total_elevator":133.33333333333331,"total_general":189.873417721519,"payment_made":false,"__v":0}
{"_id":{"$oid":"65017d042658a1bed0a42740"},"apartment":{"$oid":"65017b692658a1bed0a42579"},"month":9,"year":2023,"total_heating":226.1904761904762,"total_elevator":66.66666666666666,"total_general":120.25316455696203,"payment_made":false,"__v":0}
